"","Dist_ID","lon","lat","Dist_Name","Province_Name","Aug.10","May_Aug_2010","X2010","X2009_and_2010","X2009","Prov_ID","Province","Est_votes","Total_PS","Male","Female","Kuchi"
"1",101,69.15,34.52,"Kabul","Kabul",26,142,254,639,385,1,"Kabul",1159300,2169,1321,731,117
"2",102,69.31,34.67,"Deh Sabz","Kabul",1,13,20,42,22,1,"Kabul",36200,71,25,16,30
"3",103,69.04,34.66,"Shakardara","Kabul",2,6,15,24,9,1,"Kabul",19000,42,26,16,0
"4",104,68.94,34.55,"Paghman","Kabul",1,20,37,75,38,1,"Kabul",12600,26,15,7,4
"5",105,69.07,34.39,"Chahar Asyab","Kabul",0,6,8,16,8,1,"Kabul",28400,59,27,18,14
"6",106,69.22,34.37,"Musayi","Kabul",1,10,19,42,23,1,"Kabul",10800,26,13,7,6
"7",107,69.34,34.48,"Bagrami","Kabul",2,19,47,80,33,1,"Kabul",26000,55,29,16,10
"8",108,69.18,34.85,"Qarabagh","Kabul",0,5,11,21,10,1,"Kabul",47700,93,50,23,20
"9",109,69.18,34.76,"Kalakan","Kabul",0,2,5,9,4,1,"Kabul",22400,47,25,16,6
"10",110,69.12,34.73,"Mir Bacha Kot","Kabul",0,0,0,5,5,1,"Kabul",33200,64,34,18,12
"11",111,69,34.75,"Guldara","Kabul",0,1,1,6,5,1,"Kabul",8000,20,11,9,0
"12",112,69.43,34.37,"Khak-e- Jabbar","Kabul",2,10,17,24,7,1,"Kabul",39600,83,50,27,6
"13",113,69.7,34.53,"Surobi","Kabul",2,42,72,113,41,1,"Kabul",8000,16,7,5,4
"14",114,69.02,34.85,"Estalef","Kabul",0,0,0,4,4,1,"Kabul",11800,29,14,11,4
"15",115,69.02,34.79,"Farza","Kabul",0,1,1,1,0,1,"Kabul",10800,24,13,7,4
"16",201,69.42,35,"Mahmud-e- Raqi","Kapisa",2,15,24,49,25,2,"Kapisa",35500,70,36,24,10
"17",202,69.65,35.05,"Nejrab","Kapisa",4,12,32,55,23,2,"Kapisa",41200,70,38,32,0
"18",203,69.47,35.11,"Koh Band","Kapisa",0,0,1,4,3,2,"Kapisa",16500,31,19,12,0
"19",204,69.33,35.07,"Hisa Duwum-e- Kohestan","Kapisa",0,1,4,10,6,2,"Kapisa",53000,95,50,37,8
"20",205,69.68,34.79,"Tagab","Kapisa",2,32,77,126,49,2,"Kapisa",52500,95,57,30,8
"21",206,69.81,34.93,"Alasay","Kapisa",3,6,13,24,11,2,"Kapisa",25100,46,29,15,2
"22",207,69.34,35.14,"Hesa Awal-e- Kohestan","Kapisa",0,0,4,14,10,2,"Kapisa",24300,42,25,17,0
"23",301,69.14,34.99,"Chaharikar","Parwan",1,18,31,52,21,3,"Parwan",83400,140,86,54,0
"24",302,69.19,35.12,"Jabalussaraj","Parwan",2,3,5,10,5,3,"Parwan",34200,57,32,25,0
"25",303,68.97,35.12,"Shinwari","Parwan",2,16,16,22,6,3,"Parwan",14400,24,14,10,0
"26",304,69.33,34.92,"Bagram","Parwan",9,26,42,74,32,3,"Parwan",19800,34,19,13,2
"27",305,69.27,35.05,"Sayd Khel","Parwan",1,1,2,6,4,3,"Parwan",43800,73,42,31,0
"28",306,69.15,35.28,"Salang","Parwan",0,0,1,5,4,3,"Parwan",13200,22,12,10,0
"29",307,68.79,35.01,"Syah Gerd","Parwan",1,10,17,18,1,3,"Parwan",18000,30,19,11,0
"30",308,69.47,34.76,"Koh-e- Safi","Parwan",3,14,16,28,12,3,"Parwan",55000,92,55,35,2
"31",309,68.42,34.95,"Shekh  Ali","Parwan",0,3,3,4,1,3,"Parwan",15000,22,11,10,1
"32",310,68.63,34.77,"Surkhe Parsa","Parwan",0,2,2,2,0,3,"Parwan",25200,42,22,20,0
"33",401,68.82,34.44,"Maydan Shahr","Wardak",5,40,53,93,40,4,"Wardak",20717,43,21,11,11
"34",402,68.58,34.53,"Jalrez","Wardak",2,23,34,55,21,4,"Wardak",27754,52,31,21,0
"35",403,68.76,34.32,"Nerkh","Wardak",9,36,53,91,38,4,"Wardak",14335,26,15,11,0
"36",404,68.19,34.53,"Hesa Awal-e- Behsud","Wardak",0,1,1,1,0,4,"Wardak",47633,86,47,39,0
"37",405,68.31,34.22,"Day Mirdad","Wardak",2,18,19,22,3,4,"Wardak",18569,33,18,15,0
"38",406,68.49,34.11,"Chak","Wardak",2,9,31,52,21,4,"Wardak",45936,79,44,35,0
"39",407,68.66,33.92,"Saydabad","Wardak",25,128,200,334,134,4,"Wardak",64118,108,50,44,14
"40",408,67.69,34.4,"Markaz-e-Behsud","Wardak",0,0,0,1,1,4,"Wardak",33380,59,29,22,8
"41",409,68.36,33.84,"Jaghatu","Wardak",3,40,62,93,31,4,"Wardak",24528,44,25,19,0
"42",501,69.05,33.97,"Pul-e- Alam","Logar",17,82,112,159,47,5,"Logar",59930,121,69,40,12
"43",502,69.27,34,"Khoshi","Logar",1,6,10,18,8,5,"Logar",22353,43,25,16,2
"44",503,69.18,34.21,"Mohammad Agha","Logar",4,19,49,96,47,5,"Logar",43301,87,52,31,4
"45",504,68.89,33.93,"Baraki Barak","Logar",4,69,84,117,33,5,"Logar",13931,28,16,10,2
"46",505,68.92,33.82,"Charkh","Logar",8,46,59,92,33,5,"Logar",50783,105,61,40,4
"47",506,68.89,33.69,"Kharwar","Logar",1,6,12,20,8,5,"Logar",28634,55,33,20,2
"48",507,69.63,34.11,"Azra","Logar",1,3,6,8,2,5,"Logar",19844,39,22,13,4
"49",601,70.46,34.42,"Jalalabad","Nangarhar",17,92,146,267,121,6,"Nangerhar",212380,371,212,152,7
"50",602,70.51,34.44,"Behsud","Nangarhar",16,81,116,157,41,6,"Nangerhar",51806,99,47,45,7
"51",603,70.28,34.39,"Surkh Rod","Nangarhar",6,59,88,122,34,6,"Nangerhar",27519,59,27,25,7
"52",604,70.12,34.23,"Khowgiani","Nangarhar",10,53,100,184,84,6,"Nangerhar",34090,61,29,32,0
"53",605,70.37,34.29,"Chaparhar","Nangarhar",4,30,55,118,63,6,"Nangerhar",71340,130,65,54,11
"54",606,70.57,34.27,"Rodat","Nangarhar",3,14,22,33,11,6,"Nangerhar",33218,68,35,26,7
"55",607,70.66,34.44,"Kama","Nangarhar",0,10,13,27,14,6,"Nangerhar",26400,50,25,25,0
"56",608,70.61,34.56,"Kuz Kunar","Nangarhar",4,12,18,35,17,6,"Nangerhar",24920,52,29,23,0
"57",609,70.59,34.71,"Dara-e-Nur","Nangarhar",0,3,5,19,14,6,"Nangerhar",39179,76,42,32,2
"58",610,69.77,34.28,"Hesarak","Nangarhar",1,14,22,38,16,6,"Nangerhar",50880,103,58,45,0
"59",611,69.98,34.19,"Sherzad","Nangarhar",6,21,35,63,28,6,"Nangerhar",29400,59,30,29,0
"60",612,70.28,34.09,"Pachier Agam","Nangarhar",2,15,32,56,24,6,"Nangerhar",16890,34,17,15,2
"61",613,70.44,34.09,"Deh Bala","Nangarhar",2,6,12,24,12,6,"Nangerhar",40520,74,38,34,2
"62",614,70.6,34.15,"Kot","Nangarhar",0,5,21,40,19,6,"Nangerhar",39460,75,36,27,12
"63",615,70.76,34.29,"Bati Kot","Nangarhar",5,41,46,68,22,6,"Nangerhar",14880,27,14,13,0
"64",616,70.87,34.45,"Goshta","Nangarhar",1,2,4,12,8,6,"Nangerhar",23040,47,24,23,0
"65",617,70.66,34.06,"Achin","Nangarhar",0,18,26,55,29,6,"Nangerhar",52237,101,49,34,18
"66",618,70.8,34.21,"Shinwar","Nangarhar",2,14,27,39,12,6,"Nangerhar",49620,101,49,38,14
"67",619,71,34.21,"Muhmand Dara","Nangarhar",4,19,24,42,18,6,"Nangerhar",39440,79,40,34,5
"68",620,71.02,34.33,"Lal Pur","Nangarhar",3,7,15,30,15,6,"Nangerhar",39864,77,41,34,2
"69",621,70.83,34.06,"Nazian","Nangarhar",0,2,9,15,6,6,"Nangerhar",64120,121,65,50,6
"70",622,70.96,34.1,"Dur Baba","Nangarhar",2,8,11,16,5,6,"Nangerhar",21680,44,23,21,0
"71",701,70.09,34.65,"Mehtarlam","Laghman",6,11,20,71,51,7,"Laghman",84733,159,94,59,6
"72",702,70.08,34.83,"Alishang","Laghman",5,27,46,76,30,7,"Laghman",53371,105,55,36,14
"73",703,70.17,34.53,"Qarghayi","Laghman",3,27,43,88,45,7,"Laghman",70687,137,78,59,0
"74",704,70.41,34.82,"Alingar","Laghman",6,14,22,55,33,7,"Laghman",33323,65,38,27,0
"75",705,70,35.04,"Daulat Shah","Laghman",7,13,19,25,6,7,"Laghman",49321,94,51,35,8
"76",801,69.51,35.37,"Bazarak","Panjsher",0,0,4,5,1,8,"Panjshir",16150,31,15,16,0
"77",802,69.3,35.29,"Shutul","Panjsher",NA,NA,NA,NA,NA,8,"Panjshir",40001,72,39,33,0
"78",803,69.48,35.27,"Rukha","Panjsher",NA,NA,NA,NA,NA,8,"Panjshir",37950,65,32,31,2
"79",804,69.77,35.24,"Dara","Panjsher",NA,NA,NA,NA,NA,8,"Panjshir",23050,42,19,17,6
"80",805,69.78,35.43,"Khenj (Hes-e- Awal","Panjsher",0,1,1,1,0,8,"Panjshir",12700,23,11,10,2
"81",806,69.41,35.22,"Onaba(Anawa","Panjsher",0,1,1,9,8,8,"Panjshir",26150,51,26,25,0
"82",807,70.04,35.65,"Parian","Panjsher",NA,NA,NA,NA,NA,8,"Panjshir",23750,43,22,21,0
"83",901,68.67,36.01,"Pul-e- khumri","Baghlan",11,52,80,113,33,9,"Baghlan",116400,196,112,82,2
"84",903,68.46,35.82,"Dahana-e-Ghory","Baghlan",0,11,17,26,9,9,"Baghlan",29400,49,28,19,2
"85",904,68.67,35.62,"Dushi","Baghlan",0,3,6,16,10,9,"Baghlan",34800,59,37,19,3
"86",905,69.03,36,"Nahrin","Baghlan",2,3,4,10,6,9,"Baghlan",18000,30,19,11,0
"87",906,68.38,35.28,"Tala wa barfak","Baghlan",1,6,9,15,6,9,"Baghlan",16200,27,15,12,0
"88",907,68.97,35.47,"Khenjan","Baghlan",0,4,4,9,5,9,"Baghlan",16800,28,15,13,0
"89",908,69.18,35.62,"Andarab","Baghlan",0,4,6,9,3,9,"Baghlan",34800,58,31,27,0
"90",909,69.29,35.97,"Khwaja Hejran","Baghlan",NA,NA,NA,NA,NA,9,"Baghlan",48000,80,46,32,2
"91",910,69.16,36.24,"Burka","Baghlan",4,9,11,13,2,9,"Baghlan",33000,55,31,24,0
"92",911,69.56,35.58,"Pul-e-Hesar","Baghlan",0,1,1,4,3,9,"Baghlan",81600,136,69,55,12
"93",912,69.36,35.74,"Deh Salah","Baghlan",1,3,4,8,4,9,"Baghlan",17400,29,17,12,0
"94",913,69.67,35.9,"Khowst wa Fereng","Baghlan",0,1,1,1,0,9,"Baghlan",10800,18,11,7,0
"95",914,69.57,36.23,"Guzargah-e- Nur","Baghlan",0,0,1,2,1,9,"Baghlan",8400,14,7,7,0
"96",915,69.68,36.14,"Firing Wa Gharu","Baghlan",NA,NA,NA,NA,NA,9,"Baghlan",16800,28,16,12,0
"97",1001,67.68,34.79,"Bamyan","Bamyan",1,16,18,41,23,10,"Bamyan",38850,70,38,32,0
"98",1002,67.61,35.12,"Sayghan","Bamyan",0,0,1,2,1,10,"Bamyan",12475,26,13,13,0
"99",1003,66.95,34.98,"Yakawlang","Bamyan",0,1,1,3,2,10,"Bamyan",17903,39,20,19,0
"100",1004,66.93,34.42,"Panjab","Bamyan",0,1,1,2,1,10,"Bamyan",42889,76,39,37,0
"101",1005,68.04,34.92,"Shibar","Bamyan",1,2,3,10,7,10,"Bamyan",29418,60,31,29,0
"102",1006,67.78,35.36,"Kahmard","Bamyan",1,7,13,28,15,10,"Bamyan",47748,105,50,55,0
"103",1007,66.97,34.15,"Waras","Bamyan",0,1,2,3,1,10,"Bamyan",14478,36,18,18,0
"104",1101,68.44,33.53,"Ghazni","Ghazni",38,181,234,296,62,11,"Ghazni",129365,231,131,85,15
"105",1102,68.42,33.68,"Khwaja Umari","Ghazni",2,16,23,25,2,11,"Ghazni",42580,73,39,34,0
"106",1103,68.3,33.56,"Wali Muhammad-e- Shahid","Ghazni",0,2,4,5,1,11,"Ghazni",10219,18,7,6,5
"107",1104,68.21,33.41,"Waghaz","Ghazni",7,37,48,54,6,11,"Ghazni",46737,90,47,43,0
"108",1105,68.45,33.31,"Andar","Ghazni",11,151,230,271,41,11,"Ghazni",43079,73,25,19,29
"109",1106,68.65,33.47,"Deh Yak","Ghazni",5,30,51,64,13,11,"Ghazni",59976,104,54,50,0
"110",1107,68.67,33.68,"Zana Khan","Ghazni",1,15,17,31,14,11,"Ghazni",105835,187,97,90,0
"111",1108,68.15,33.7,"Rashidan","Ghazni",3,16,21,30,9,11,"Ghazni",51254,87,44,37,6
"112",1109,68.07,33.53,"Jaghatu","Ghazni",1,4,7,11,4,11,"Ghazni",38563,65,29,29,7
"113",1110,67.99,33.22,"Qarabagh","Ghazni",13,95,122,175,53,11,"Ghazni",19264,33,10,8,15
"114",1111,68.35,33.06,"Giro","Ghazni",2,10,13,18,5,11,"Ghazni",23450,40,18,17,5
"115",1112,67.74,33.85,"Nawur","Ghazni",1,3,3,6,3,11,"Ghazni",53039,89,46,34,9
"116",1113,67.46,33.14,"Jaghuri","Ghazni",0,7,8,10,2,11,"Ghazni",114346,194,110,84,0
"117",1114,67.78,32.94,"Muqur","Ghazni",13,63,86,106,20,11,"Ghazni",88014,147,74,56,17
"118",1115,68.06,32.88,"Ab Band","Ghazni",2,17,21,32,11,11,"Ghazni",31603,57,31,26,0
"119",1116,67.11,33.52,"Ajrestan","Ghazni",9,23,23,27,4,11,"Ghazni",14138,25,9,7,9
"120",1117,67.24,33.3,"Malestan","Ghazni",0,1,1,1,0,11,"Ghazni",12324,18,11,7,0
"121",1118,67.65,32.71,"Gelan","Ghazni",3,49,83,105,22,11,"Ghazni",29605,51,28,23,0
"122",1119,67.9,32.33,"Nawa","Ghazni",0,0,4,5,1,11,"Ghazni",11063,19,10,9,0
"123",1201,69.24,33.6,"Gardez","Paktya",18,108,138,196,58,12,"Paktia",63630,117,49,40,28
"124",1202,69.48,33.71,"Sayed Karam","Paktya",3,10,13,28,15,12,"Paktia",62510,115,59,53,3
"125",1203,69.34,33.77,"Ahmadaba","Paktya",2,10,12,20,8,12,"Paktia",6300,12,6,6,0
"126",1204,69.04,33.42,"Zurmat","Paktya",9,60,86,103,17,12,"Paktia",42200,80,43,37,0
"127",1205,69.37,33.45,"Shawak","Paktya",4,16,22,38,16,12,"Paktia",31605,59,28,26,5
"128",1206,69.41,33.37,"Zadran","Paktya",1,20,24,32,8,12,"Paktia",29310,56,28,28,0
"129",1207,69.63,33.82,"Lija Ahmad Khel","Paktya",2,16,20,25,5,12,"Paktia",28700,54,28,26,0
"130",1208,69.67,33.98,"Ali Khel (Jaji","Paktya",1,9,12,19,7,12,"Paktia",38760,72,35,37,0
"131",1209,69.79,33.66,"Jani Khel","Paktya",2,31,37,51,14,12,"Paktia",52900,100,50,50,0
"132",1210,69.8,33.78,"Chamkani","Paktya",2,16,21,32,11,12,"Paktia",65120,118,63,54,1
"133",1211,69.91,33.79,"Dand wa Patan","Paktya",0,13,16,22,6,12,"Paktia",79430,147,77,70,0
"134",1301,71.13,34.87,"Asad Abad","Kunar",6,23,39,75,36,13,"Kunarha",43720,76,45,31,0
"135",1302,71.08,35,"Wata Pur","Kunar",11,55,91,164,73,13,"Kunarha",15720,28,15,13,0
"136",1303,71,34.8,"Narang","Kunar",17,35,65,103,38,13,"Kunarha",20640,35,20,15,0
"137",1304,71.12,34.75,"Sarkani","Kunar",16,61,115,215,100,13,"Kunarha",21120,37,20,17,0
"138",1305,71.23,34.86,"Marawara","Kunar",1,23,36,61,25,13,"Kunarha",21600,39,22,17,0
"139",1306,71.23,35.04,"Shigal wa shel tan","Kunar",3,22,46,71,25,13,"Kunarha",34200,58,34,24,0
"140",1307,70.92,34.95,"Dara-e-Pech","Kunar",22,110,246,589,343,13,"Kunarha",20160,35,20,15,0
"141",1308,70.87,34.74,"Chawkay","Kunar",14,40,59,99,40,13,"Kunarha",18240,35,21,14,0
"142",1309,70.94,34.61,"Khas Kunar","Kunar",2,19,28,65,37,13,"Kunarha",19380,34,18,16,0
"143",1310,71.44,35,"Dangam","Kunar",2,11,24,37,13,13,"Kunarha",30960,59,32,27,0
"144",1311,71.38,35.07,"Bar Kunar","Kunar",5,30,48,93,45,13,"Kunarha",20389,36,21,15,0
"145",1312,71.33,35.23,"Ghazi Abad","Kunar",5,31,66,162,96,13,"Kunarha",22800,40,22,18,0
"146",1313,70.7,34.96,"Chapa Dara","Kunar",0,7,47,95,48,13,"Kunarha",13320,23,11,10,2
"147",1314,70.73,34.69,"Nurgal","Kunar",3,19,31,47,16,13,"Kunarha",21720,41,20,17,4
"148",1315,71.54,35.27,"Nari","Kunar",10,46,73,107,34,13,"Kunarha",14400,27,14,11,2
"149",1401,70.8,35.41,"Poruns","Nuristan",0,2,2,2,0,14,"Nooristan",8995,23,13,10,0
"150",1402,70.25,35.4,"Mandol","Nuristan",0,1,2,3,1,14,"Nooristan",24161,47,27,20,0
"151",1403,70.38,35.22,"Du Ab","Nuristan",0,0,1,5,4,14,"Nooristan",34465,61,33,28,0
"152",1404,70.47,35.07,"Nurgaram","Nuristan",4,12,19,27,8,14,"Nooristan",10405,18,9,9,0
"153",1405,70.8,35.18,"Wama","Nuristan",0,0,0,3,3,14,"Nooristan",26126,51,27,24,0
"154",1406,71.03,35.23,"Waygal","Nuristan",0,2,4,7,3,14,"Nooristan",25097,42,22,20,0
"155",1407,71.31,35.48,"Kamdesh","Nuristan",0,1,6,48,42,14,"Nooristan",10978,24,14,10,0
"156",1408,71.25,35.77,"Barg-e- Matal","Nuristan",5,29,29,39,10,14,"Nooristan",13999,24,14,10,0
"157",1501,70.61,37.22,"Faiz Abad","Badakhshan",3,17,25,61,36,15,"Badakhshan",39750,78,46,32,0
"158",1502,70.37,37.31,"Yaftal-e-Sufla","Badakhshan",1,3,6,10,4,15,"Badakhshan",45900,83,46,35,2
"159",1503,70.43,37.06,"Argo","Badakhshan",2,5,8,19,11,15,"Badakhshan",31900,58,32,26,0
"160",1504,70.82,37.27,"Arghanj Khwa","Badakhshan",0,1,2,5,3,15,"Badakhshan",9500,18,9,9,0
"161",1505,70.66,37.42,"Kohistan","Badakhshan",0,0,0,1,1,15,"Badakhshan",5150,11,7,4,0
"162",1506,70.67,37.66,"Raghistan","Badakhshan",0,1,1,4,3,15,"Badakhshan",8200,20,10,10,0
"163",1507,70.38,37.53,"Yawan","Badakhshan",3,5,5,9,4,15,"Badakhshan",8400,17,10,7,0
"164",1508,70.14,37.34,"Shahr-e-Buzorg","Badakhshan",0,1,2,5,3,15,"Badakhshan",21906,41,23,18,0
"165",1509,70.4,36.77,"Teshkan","Badakhshan",0,1,3,3,0,15,"Badakhshan",15300,32,19,13,0
"166",1510,70.47,36.87,"Darayem","Badakhshan",1,7,7,8,1,15,"Badakhshan",10850,22,14,8,0
"167",1511,70.73,36.94,"Khash","Badakhshan",0,0,0,2,2,15,"Badakhshan",9200,19,11,8,0
"168",1512,70.9,37.03,"Baharak","Badakhshan",0,6,7,8,1,15,"Badakhshan",19277,36,20,16,0
"169",1513,71.16,37.1,"Shuhada","Badakhshan",0,3,3,3,0,15,"Badakhshan",24060,45,26,19,0
"170",1514,71.24,37.6,"Shighnan","Badakhshan",1,1,1,3,2,15,"Badakhshan",10250,20,10,7,3
"171",1515,71.15,38.13,"Darwaz-e-Balla","Badakhshan",0,0,0,2,2,15,"Badakhshan",52600,99,55,44,0
"172",1516,70.69,37.94,"Kof Ab","Badakhshan",1,1,1,1,0,15,"Badakhshan",26100,46,26,20,0
"173",1517,70.39,37.84,"Khwahan","Badakhshan",0,0,0,3,3,15,"Badakhshan",11000,21,12,9,0
"174",1518,70.13,36.77,"Keshem","Badakhshan",1,10,12,22,10,15,"Badakhshan",10800,20,12,8,0
"175",1519,70.35,36.48,"Tagab","Badakhshan",0,1,1,1,0,15,"Badakhshan",11000,22,14,8,0
"176",1520,70.79,36.44,"Yamgan","Badakhshan",0,0,0,3,3,15,"Badakhshan",9900,21,13,8,0
"177",1521,70.91,36.74,"Jorm","Badakhshan",0,6,6,13,7,15,"Badakhshan",8400,15,8,7,0
"178",1522,71.18,36.76,"Warduj","Badakhshan",1,3,10,16,6,15,"Badakhshan",17100,30,16,14,0
"179",1523,71.46,36.85,"Ishkashem","Badakhshan",0,0,1,3,2,15,"Badakhshan",15900,31,18,11,2
"180",1524,70.91,38.23,"Darwaz","Badakhshan",NA,NA,NA,NA,NA,15,"Badakhshan",18400,34,19,15,0
"181",1525,70.65,38.21,"Shaki","Badakhshan",NA,NA,NA,NA,NA,15,"Badakhshan",12800,26,15,11,0
"182",1526,70.77,35.93,"Koran wa Monjan","Badakhshan",1,1,1,3,2,15,"Badakhshan",23900,47,27,20,0
"183",1527,71.34,36.43,"Zebak","Badakhshan",1,2,2,4,2,15,"Badakhshan",17700,33,18,15,0
"184",1528,73.35,37.06,"Wakhan","Badakhshan",0,0,0,1,1,15,"Badakhshan",16050,30,18,12,0
"185",1601,69.61,36.74,"Taloqan","Takhar",8,21,48,84,36,16,"Takhar",118600,216,117,97,2
"186",1602,69.57,36.93,"Hazar Sumuch","Takhar",0,2,3,3,0,16,"Takhar",18800,33,18,15,0
"187",1603,69.4,36.83,"Baharak","Takhar",0,2,2,9,7,16,"Takhar",32750,60,32,26,2
"188",1604,69.34,36.61,"Bangi","Takhar",0,5,8,22,14,16,"Takhar",13800,27,14,13,0
"189",1605,69.56,36.5,"Chal","Takhar",0,1,1,3,2,16,"Takhar",18900,35,18,17,0
"190",1606,69.71,36.47,"Namak Ab","Takhar",0,0,0,2,2,16,"Takhar",22200,41,20,17,4
"191",1607,69.96,36.47,"Farkhar","Takhar",0,1,2,7,5,16,"Takhar",18900,35,19,16,0
"192",1608,69.91,36.79,"Kalafgan","Takhar",0,0,1,3,2,16,"Takhar",80300,146,78,68,0
"193",1609,69.82,37.11,"Rostaq","Takhar",0,2,7,13,6,16,"Takhar",38900,72,37,35,0
"194",1610,69.88,37.45,"Chah Ab","Takhar",0,1,2,5,3,16,"Takhar",24600,46,24,22,0
"195",1611,69.67,37.46,"Yangi Qala","Takhar",5,16,25,30,5,16,"Takhar",19100,40,19,17,4
"196",1612,69.58,37.34,"Khwaja Bahawuddin","Takhar",1,8,8,9,1,16,"Takhar",30200,59,31,26,2
"197",1613,69.5,37.2,"Dasht-e-Qala","Takhar",0,2,2,4,2,16,"Takhar",22900,43,23,20,0
"198",1614,69.4,37.02,"Khwaja Ghar","Takhar",1,8,10,18,8,16,"Takhar",24100,46,23,21,2
"199",1615,69.39,36.37,"Ishkamish","Takhar",3,5,5,16,11,16,"Takhar",6300,15,8,7,0
"200",1616,70.14,36.1,"Warsaj","Takhar",0,1,1,2,1,16,"Takhar",17500,32,16,16,0
"201",1617,69.5,37.45,"Darqad","Takhar",0,5,16,17,1,16,"Takhar",7500,14,8,6,0
"202",1701,68.86,36.8,"Kunduz","Kunduz",5,57,104,241,137,17,"Kunduz",150900,257,137,116,4
"203",1702,68.85,37.11,"Imam Saheb","Kunduz",9,43,76,120,44,17,"Kunduz",126100,214,117,93,4
"204",1703,68.36,36.9,"Qala-e-Zal","Kunduz",1,12,17,29,12,17,"Kunduz",42000,70,36,32,2
"205",1704,68.57,36.65,"Chahar Darah","Kunduz",9,46,106,159,53,17,"Kunduz",45700,77,37,32,8
"206",1705,68.88,36.53,"Ali Abad","Kunduz",3,16,21,35,14,17,"Kunduz",27100,50,27,21,2
"207",1706,69.1,36.6,"Khan Abad","Kunduz",4,18,36,72,36,17,"Kunduz",79700,147,76,67,4
"208",1707,69.16,36.96,"Dasht-e-Archi","Kunduz",2,14,35,76,41,17,"Kunduz",45600,85,45,36,4
"209",1801,67.12,36.71,"Mazar-e-Sharif","Balkh",4,22,41,84,43,18,"Samangan",57756,101,55,43,3
"210",1802,67.18,36.84,"Nahr-e- Shahi","Balkh",2,11,12,24,12,18,"Samangan",25880,44,22,17,5
"211",1803,66.85,37.26,"Shor Tepa","Balkh",0,0,2,5,3,18,"Samangan",35270,60,32,28,0
"212",1804,66.8,37.06,"Dawlat Abad","Balkh",1,4,10,15,5,18,"Samangan",39367,72,41,31,0
"213",1805,66.89,36.82,"Balkh","Balkh",0,7,11,26,15,18,"Samangan",29117,53,27,26,0
"214",1806,67.01,36.64,"Deh Dadi","Balkh",1,7,9,10,1,18,"Samangan",21720,39,20,19,0
"215",1807,67.24,36.37,"Chahar Kent","Balkh",0,1,2,2,0,18,"Samangan",5840,11,6,4,1
"216",1901,67.99,36.21,"Aybak","Samangan",1,9,11,26,15,19,"Sar-i-Pul",62516,129,70,53,6
"217",1902,67.87,36.38,"Hazrat-e- Sultan","Samangan",0,1,1,2,1,19,"Sar-i-Pul",40092,79,37,40,2
"218",1903,67.58,36.46,"Feroz Nakhchir","Samangan",0,0,0,3,3,19,"Sar-i-Pul",33036,73,41,32,0
"219",1904,67.35,36.03,"Darah Suf-e- Payin","Samangan",0,0,1,1,0,19,"Sar-i-Pul",25363,53,32,21,0
"220",1905,67.28,35.68,"Darah Suf-e-Bala","Samangan",0,3,4,7,3,19,"Sar-i-Pul",20876,44,22,20,2
"221",1906,68.12,35.99,"Khuram wa Sarbagh","Samangan",0,0,1,1,0,19,"Sar-i-Pul",20257,42,22,18,2
"222",1907,67.82,35.64,"Ruy-e-Du Ab","Samangan",0,1,1,2,1,19,"Sar-i-Pul",28161,56,27,23,6
"223",2001,66.06,36.28,"Sar-e-Pul","Sar-e-Pul",3,15,24,46,22,20,"Ghor",89596,190,117,71,2
"224",2002,65.71,36.15,"Sayad","Sar-e-Pul",0,1,14,19,5,20,"Ghor",41862,87,53,34,0
"225",2003,65.94,35.44,"Kohistanat","Sar-e-Pul",2,4,4,8,4,20,"Ghor",29877,66,39,27,0
"226",2004,66.23,36.02,"Sozma Qala","Sar-e-Pul",1,2,5,9,4,20,"Ghor",19002,45,26,19,0
"227",2005,66.45,36.06,"Gosfandi","Sar-e-Pul",2,2,3,4,1,20,"Ghor",54878,115,69,44,2
"228",2006,66.6,35.46,"Balkh Ab","Sar-e-Pul",0,3,3,4,1,20,"Ghor",40411,85,50,32,3
"229",2007,66.34,35.84,"Sang(SanCharak","Sar-e-Pul",0,2,2,4,2,20,"Ghor",56192,125,72,53,0
"230",2101,65.33,34.72,"Chaghcharan","Ghor",5,31,45,75,30,21,"Daikondi",22000,42,19,23,0
"231",2102,65.12,35.12,"Chahar Sadra","Ghor",2,9,10,23,13,21,"Daikondi",32734,61,28,33,0
"232",2103,65.01,34.12,"Du Lina","Ghor",3,23,29,38,9,21,"Daikondi",37000,68,29,39,0
"233",2104,65.75,34.58,"Dawlat Yar","Ghor",1,6,7,11,4,21,"Daikondi",32150,63,27,36,0
"234",2105,64.34,34.1,"Shahrak","Ghor",1,11,15,31,16,21,"Daikondi",37400,70,32,38,0
"235",2106,64.38,33.48,"Taywarah","Ghor",2,10,13,19,6,21,"Daikondi",35500,66,27,39,0
"236",2107,65.09,33.59,"Pasaband","Ghor",4,29,31,36,5,21,"Daikondi",39072,76,30,46,0
"237",2108,66.27,34.6,"Lal Wa Sarjangal","Ghor",0,2,3,8,5,21,"Daikondi",37800,69,30,39,0
"238",2109,63.71,34.01,"Tolak","Ghor",0,5,6,18,12,21,"Daikondi",39322,77,33,44,0
"239",2201,66.08,33.76,"Nili","Daykundi",2,7,12,25,13,22,"Urozgan",60810,108,76,15,17
"240",2202,66.3,34.07,"Ashtarlay","Daykundi",0,3,3,5,2,22,"Urozgan",17623,36,20,8,8
"241",2203,65.75,33.9,"Khadir","Daykundi",1,6,7,17,10,22,"Urozgan",35082,60,36,18,6
"242",2204,65.72,33.54,"kiti","Daykundi",0,2,2,2,0,22,"Urozgan",25350,48,35,7,6
"243",2205,66.27,33.4,"Gizab","Daykundi",3,13,26,35,9,22,"Urozgan",44241,82,57,16,9
"244",2301,65.92,32.68,"Tirin Kot","Uruzgan",28,79,144,299,155,23,"Zabul",23800,42,26,12,4
"245",2302,66.26,32.93,"Chora","Uruzgan",16,44,63,112,49,23,"Zabul",27600,46,35,8,3
"246",2303,65.48,32.92,"Shahid-e-Hassas","Uruzgan",3,17,28,38,10,23,"Zabul",12000,21,17,3,1
"247",2304,65.47,32.58,"Dehrawud","Uruzgan",15,44,57,84,27,23,"Zabul",6480,11,9,1,1
"248",2305,66.69,33,"Khas Uruzgan","Uruzgan",5,15,18,47,29,23,"Zabul",4000,7,5,1,1
"249",2401,67,32.21,"Qalat","Zabul",9,73,122,213,91,24,"Paktika",53920,101,56,33,12
"250",2402,66.99,32.51,"Arghandab","Zabul",3,4,7,25,18,24,"Paktika",48904,96,49,37,10
"251",2403,66.51,32.18,"Mizan","Zabul",0,10,19,35,16,24,"Paktika",24850,46,21,21,4
"252",2404,66.52,31.91,"Tarnak Wa Jaldak","Zabul",1,14,25,54,29,24,"Paktika",27820,52,25,27,0
"253",2405,67.16,31.92,"Shinkay","Zabul",4,9,22,45,23,24,"Paktika",20350,39,21,18,0
"254",2406,67.39,32.5,"Shah Joy","Zabul",12,49,77,108,31,24,"Paktika",57120,103,48,45,10
"255",2407,67.18,32.86,"Kakar","Zabul",0,1,2,2,0,24,"Paktika",24700,44,19,19,6
"256",2408,66.69,32.61,"Day chopan","Zabul",1,5,6,19,13,24,"Paktika",39604,69,31,38,0
"257",2409,67.39,31.72,"Atghar","Zabul",1,2,3,9,6,24,"Paktika",41340,81,51,30,0
"258",2410,67.77,31.82,"Shomulzay","Zabul",2,14,23,31,8,24,"Paktika",24540,46,23,23,0
"259",2411,67.57,32.22,"Naw Bahar","Zabul",0,7,11,18,7,24,"Paktika",60321,111,59,52,0
"260",2501,68.73,33.2,"Sharan","Paktika",4,26,48,79,31,25,"Khost",127238,231,130,83,18
"261",2502,68.89,33.3,"Mata Khan","Paktika",3,36,47,54,7,25,"Khost",29400,49,25,24,0
"262",2503,68.65,33.05,"Yosuf Khel","Paktika",10,42,56,79,23,25,"Khost",34600,58,32,26,0
"263",2504,69.04,33.06,"Sar Hawzeh(Rawzeh","Paktika",3,31,44,56,12,25,"Khost",21600,37,19,18,0
"264",2505,68.48,32.85,"Zarghun Shahr","Paktika",1,19,27,36,9,25,"Khost",28200,49,25,24,0
"265",2506,68.66,32.92,"Yahya Khel","Paktika",7,42,60,82,22,25,"Khost",31232,59,32,27,0
"266",2507,68.81,32.89,"Omna","Paktika",2,19,25,35,10,25,"Khost",52700,88,28,23,37
"267",2508,68.95,32.39,"Gomal","Paktika",2,14,16,18,2,25,"Khost",19735,42,25,17,0
"268",2509,69.05,32.75,"Sarobi","Paktika",1,8,11,18,7,25,"Khost",29400,49,35,11,3
"269",2510,69.19,32.98,"Urgun","Paktika",1,27,34,51,17,25,"Khost",15552,30,18,12,0
"270",2511,69.24,33.21,"Nika","Paktika",0,0,0,1,1,25,"Khost",22234,38,12,10,16
"271",2512,68.48,32.67,"Jani Khel","Paktika",1,7,15,18,3,25,"Khost",16000,27,12,15,0
"272",2513,68.33,32.25,"Waza Khah","Paktika",1,16,23,29,6,25,"Khost",10200,19,9,10,0
"273",2601,70,33.34,"Khost(Matun","Khost",17,136,277,419,142,26,"Balkh",232471,403,237,165,1
"274",2602,69.91,33.54,"Sabri","Khost",8,69,141,247,106,26,"Balkh",24243,47,26,19,2
"275",2603,69.67,33.57,"Musa Khel","Khost",5,23,24,35,11,26,"Balkh",27895,60,31,28,1
"276",2604,69.68,33.38,"Nadir Shah Kot","Khost",3,18,38,54,16,26,"Balkh",21992,43,24,19,0
"277",2605,69.78,33.32,"Mando Zayi","Khost",4,36,73,101,28,26,"Balkh",49670,99,54,41,4
"278",2606,69.73,33.19,"Tani","Khost",5,32,65,88,23,26,"Balkh",59483,120,67,47,6
"279",2607,69.94,33.2,"Gurbuz","Khost",1,18,35,58,23,26,"Balkh",50623,104,56,37,11
"280",2608,70.19,33.38,"Tere Zayi","Khost",2,29,69,109,40,26,"Balkh",54017,108,56,40,12
"281",2609,69.66,33.49,"Qalandar","Khost",0,1,1,2,1,26,"Balkh",72180,135,73,56,6
"282",2610,69.53,33.31,"Shamal (Shamul","Khost",1,16,35,47,12,26,"Balkh",22368,49,25,23,1
"283",2611,69.49,33.16,"Spera","Khost",0,11,21,27,6,26,"Balkh",17224,37,20,17,0
"284",2612,70.08,33.53,"Bak","Khost",9,41,72,102,30,26,"Balkh",42366,78,44,34,0
"285",2613,70.08,33.64,"Jaji Maydan","Khost",0,7,19,32,13,26,"Balkh",14000,28,17,11,0
"286",2701,65.75,36.59,"Shiberghan","Jawzjan",1,7,10,24,14,27,"Juzjan",93684,172,93,77,2
"287",2702,65.99,37.06,"Mingajik","Jawzjan",0,0,2,9,7,27,"Juzjan",14415,26,12,12,2
"288",2703,65.61,36.95,"Khwaja Du Koh","Jawzjan",0,1,1,1,0,27,"Juzjan",23442,48,26,22,0
"289",2704,65.36,36.21,"Qush Tepa","Jawzjan",1,16,28,35,7,27,"Juzjan",21838,44,26,18,0
"290",2705,66.33,36.7,"Fayz Abad","Jawzjan",2,6,11,14,3,27,"Juzjan",12532,22,13,9,0
"291",2706,66.13,36.78,"Khanaqa","Jawzjan",0,1,3,6,3,27,"Juzjan",38864,71,37,32,2
"292",2707,66.21,36.9,"Aqcha","Jawzjan",0,3,6,11,5,27,"Juzjan",17871,35,21,14,0
"293",2708,66.33,37.05,"Mardyan","Jawzjan",1,2,2,4,2,27,"Juzjan",19975,38,20,18,0
"294",2709,66.09,37.29,"Qarqin","Jawzjan",0,0,0,2,2,27,"Juzjan",8045,15,8,7,0
"295",2710,65.72,37.31,"Khamyab","Jawzjan",0,1,1,2,1,27,"Juzjan",11293,23,12,11,0
"296",2711,65.37,36,"Darz Ab","Jawzjan",4,13,18,30,12,27,"Juzjan",17666,34,17,15,2
"297",2801,64.79,35.94,"Maymana","Faryab",2,9,14,32,18,28,"Faryab",46780,83,44,39,0
"298",2802,64.97,36.06,"Khwaja Sabzposh","Faryab",0,6,9,14,5,28,"Faryab",87710,154,75,77,2
"299",2803,64.78,35.81,"Pashtun kot","Faryab",5,15,29,52,23,28,"Faryab",38770,74,32,34,8
"300",2804,64.82,36.25,"Shirin Tagab","Faryab",5,13,17,24,7,28,"Faryab",73530,127,61,62,4
"301",2805,64.28,35.96,"Almar","Faryab",2,7,15,33,18,28,"Faryab",25745,46,23,23,0
"302",2806,64.28,35.64,"Qaysar","Faryab",13,45,60,107,47,28,"Faryab",26170,44,23,21,0
"303",2807,64.92,35.33,"Kohistan","Faryab",0,7,9,13,4,28,"Faryab",36785,62,31,31,0
"304",2808,65.28,35.63,"Garziwan","Faryab",1,3,15,26,11,28,"Faryab",43030,76,37,35,4
"305",2809,65.45,35.88,"Bil Cheragh","Faryab",8,16,27,33,6,28,"Faryab",25240,48,23,21,4
"306",2810,65.06,36.54,"Dawlat Abad","Faryab",4,14,26,36,10,28,"Faryab",11990,20,10,10,0
"307",2811,65.29,36.85,"Andkhoy","Faryab",1,3,3,9,6,28,"Faryab",36130,62,30,32,0
"308",2812,64.96,36.79,"Qaram Qol","Faryab",0,0,4,6,2,28,"Faryab",30570,50,25,25,0
"309",2814,64.94,37.04,"Qorghan","Faryab",0,0,3,5,2,28,"Faryab",23445,40,20,20,0
"310",2901,63.12,34.81,"Qala-e-Naw","Badghis",3,15,24,43,19,29,"Helmand",109000,185,120,47,18
"311",2902,63.11,35.17,"Muqur","Badghis",3,19,42,78,36,29,"Helmand",82800,141,95,43,3
"312",2903,62.9,34.93,"Ab Kamari","Badghis",1,6,7,11,4,29,"Helmand",49200,82,71,11,0
"313",2904,63.58,34.82,"Qadis","Badghis",2,17,30,39,9,29,"Helmand",43800,72,70,2,0
"314",2905,64.34,35,"Jawand","Badghis",0,1,1,4,3,29,"Helmand",48000,80,59,13,8
"315",2906,63.47,35.47,"Bala Murghab","Badghis",8,47,102,153,51,29,"Helmand",41800,71,55,8,8
"316",2907,63.78,35.72,"Ghormach","Badghis",5,37,85,131,46,29,"Helmand",16600,28,16,2,10
"317",3001,62.18,34.37,"Hirat","Hirat",8,38,62,143,81,30,"Kandahar",350652,598,357,230,11
"318",3002,62.18,34.47,"Injil","Hirat",3,10,21,62,41,30,"Kandahar",39600,78,40,38,0
"319",3003,62.24,35,"Kushk","Hirat",3,20,34,50,16,30,"Kandahar",21624,37,24,13,0
"320",3004,61.82,34.37,"Zinda Jan","Hirat",0,0,1,7,6,30,"Kandahar",27450,59,33,19,7
"321",3005,62.04,34.04,"Guzara","Hirat",4,16,25,73,48,30,"Kandahar",14122,26,12,14,0
"322",3006,62.75,34.18,"Pashtun  Zarghun","Hirat",1,8,10,30,20,30,"Kandahar",4900,11,9,2,0
"323",3007,62.66,34.5,"Karukh","Hirat",4,14,16,27,11,30,"Kandahar",22100,48,37,11,0
"324",3008,61.57,35.13,"Gulran","Hirat",3,15,23,31,8,30,"Kandahar",47598,95,62,18,15
"325",3009,61.15,34.18,"Ghoryan","Hirat",3,9,14,29,15,30,"Kandahar",15626,27,12,15,0
"326",3010,62,33.71,"Adraskan","Hirat",0,11,18,30,12,30,"Kandahar",24504,41,17,24,0
"327",3011,63.28,33.84,"Farsi","Hirat",0,1,1,1,0,30,"Kandahar",204094,381,225,116,40
"328",3012,63.25,34.36,"Obe","Hirat",2,7,8,13,5,30,"Kandahar",29297,49,31,18,0
"329",3013,62.63,34.89,"Kushk-e-Kohna","Hirat",3,5,13,18,5,30,"Kandahar",36735,62,30,32,0
"330",3014,61.17,34.61,"Kohsan","Hirat",1,3,9,17,8,30,"Kandahar",5089,9,7,2,0
"331",3015,62.38,33.25,"Shindand","Hirat",6,39,66,94,28,30,"Kandahar",10069,17,13,4,0
"332",3016,63.96,34.45,"Chisht-e-Sharif","Hirat",1,6,14,18,4,30,"Kandahar",59318,123,57,52,14
"333",3101,62.23,32.24,"Farah","Farah",9,22,35,61,26,31,"Badghis",35800,68,40,28,0
"334",3102,62.88,32.21,"Bakwa","Farah",4,9,32,36,4,31,"Badghis",50980,100,50,36,14
"335",3103,62.75,32.77,"Bala Buluk","Farah",9,43,60,81,21,31,"Badghis",55940,112,54,46,12
"336",3104,62.07,32.76,"Khak-e-Safed","Farah",4,14,23,28,5,31,"Badghis",45870,94,51,43,0
"337",3105,62.06,32.49,"Pusht Rod","Farah",10,40,56,72,16,31,"Badghis",39350,82,37,29,16
"338",3106,61.33,32.4,"Qala-e-Kah","Farah",1,1,1,2,1,31,"Badghis",58740,114,52,44,18
"339",3107,61.37,32.11,"Shib Koh","Farah",0,0,0,1,1,31,"Badghis",12300,25,14,11,0
"340",3201,64.54,31.46,"Lashkar Gah","Hilmand",19,100,153,262,109,32,"Herat",233436,407,218,189,0
"341",3202,64.61,31.83,"Nahr-e-Saraj","Hilmand",29,179,318,478,160,32,"Herat",112377,212,114,96,2
"342",3203,63.79,31.58,"Nad-e-Ali","Hilmand",39,258,595,732,137,32,"Herat",65014,137,70,57,10
"343",3204,64.21,31.33,"Nawa-e-Barak Zaiy","Hilmand",6,25,46,92,46,32,"Herat",38821,87,45,41,1
"344",3205,65,32.12,"Sangin","Hilmand",15,100,233,298,65,32,"Herat",27347,65,37,28,0
"345",3206,64.74,32.47,"Musa Qaleh","Hilmand",8,40,88,127,39,32,"Herat",52174,131,68,59,4
"346",3207,64.47,32.47,"Naw Zad","Hilmand",3,33,61,80,19,32,"Herat",47511,132,69,57,6
"347",3208,63.95,32.1,"Wa Sher","Hilmand",0,6,12,13,1,32,"Herat",27685,72,36,34,2
"348",3209,64.17,30.31,"Garm Ser","Hilmand",1,40,74,117,43,32,"Herat",37603,96,53,41,2
"349",3210,65.04,32.48,"Kajaki","Hilmand",0,12,35,51,16,32,"Herat",19762,55,29,24,2
"350",3211,65.04,33.01,"Baghran","Hilmand",0,2,4,7,3,32,"Herat",30201,83,46,35,2
"351",3212,63.48,30.83,"Reg(khan Neshin","Hilmand",3,9,29,38,9,32,"Herat",29068,79,39,38,2
"352",3213,63.17,29.88,"Deh shu","Hilmand",1,2,2,4,2,32,"Herat",13425,39,20,17,2
"353",3301,65.71,31.51,"Kandahar","Kandahar",73,397,676,1248,572,33,"Farah",62904,122,70,50,2
"354",3302,65.64,31.76,"Arghandab","Kandahar",15,106,153,276,123,33,"Farah",16709,41,21,18,2
"355",3303,65.4,31.64,"Zheray","Kandahar",21,161,268,420,152,33,"Farah",19356,48,26,22,0
"356",3304,65.16,31.07,"Panj wayi","Kandahar",17,92,131,245,114,33,"Farah",25638,73,36,34,3
"357",3305,65.78,31.21,"Daman","Kandahar",8,33,60,113,53,33,"Farah",28536,69,36,30,3
"358",3306,66.01,32.08,"Shah Wali Kot","Kandahar",0,8,22,79,57,33,"Farah",11815,31,15,14,2
"359",3307,65.5,32.01,"Khakrez","Kandahar",3,28,49,103,54,33,"Farah",12886,28,15,12,1
"360",3308,64.99,31.58,"Maywand","Kandahar",13,54,80,162,82,33,"Farah",14795,32,17,15,0
"361",3309,65.17,30.12,"Reg","Kandahar",0,3,14,18,4,33,"Farah",11544,27,14,13,0
"362",3310,66.04,30.17,"Shor Abak","Kandahar",1,5,15,31,16,33,"Farah",10202,25,13,12,0
"363",3311,66.17,30.99,"Spin Boldak","Kandahar",6,30,59,110,51,33,"Farah",19611,44,23,20,1
"364",3401,62.04,30.91,"Zaranj","Nimroz",3,16,29,62,33,34,"Nimroz",51600,89,52,35,2
"365",3402,61.83,31.32,"Kang","Nimroz",1,2,5,11,6,34,"Nimroz",15600,30,15,11,4
"366",3403,62.08,30.16,"Chahar Burjak","Nimroz",0,1,2,10,8,34,"Nimroz",10800,20,9,9,2
"367",3404,62.44,31.32,"Chakhansur","Nimroz",0,3,3,15,12,34,"Nimroz",13200,26,11,11,4
"368",3405,62.91,31.74,"Khash Rod","Nimroz",7,60,96,182,86,34,"Nimroz",21600,38,18,18,2
